,location,Changed,long,lat
574,Перт,Perth,115.8605801,-31.9558964
240,Thomas Street,Thomas Street,152.7454652,-27.6147802
614,Сан-Паулу,São Paulo,-46.6333824,-23.5506507
518,Масерата,Maserata,-46.4371665,-23.5041778
247,Trindade,Trindade,-49.4876203,-16.6549924
218,Sofia,Sofia,48.2562163,-15.2538402
636,София,Sofia,48.2562163,-15.2538402
307,Баркарена,Barcarena,-48.6190679,-1.5107945
255,Vác,Vac,-76.12335581641676,4.0638178
139,Malabe,Malabe,79.9546189,6.9040723
435,Каракас,Caracas,-66.9146017,10.506098
578,Пизанская область,Pisa Region,120.9365344,13.6398354
283,Алмера,Mr Almera,120.8881219,14.4080383
206,São Martinho,Sao martinho,-63.0549948,18.0423736
682,Ханой,Hanoi,105.8544441,21.0294498
699,Шэньчжэнь,Shenzhen,114.0545429,22.5445741
116,Koila,Koila,77.7127576,27.4203096
473,Лас-Пальмас-де-Гран-Канария,Las Palmas de Gran Canaria,-15.4349015,28.1288694
616,Санкт-Августин,St. Augustine,-81.3145395,29.8946952
692,Чэнду,Chengdu,104.0633717,30.6598628
694,Шанхай,Shanghai,121.4692071,31.2322758
707,Эпс,Epps,-91.4778953,32.6040264
311,Бейрут,Beirut,35.50255852895232,33.88922645
497,Лос-Анджелес,Los Angeles,-118.242766,34.0536909
486,Лимассол,Limassol,33.0332657,34.6852901
472,Ларнака,Larnaca,33.6236184,34.9236095
446,Кипр Онлайн,Latsia,33.3815988,35.0995648
154,Nicosia,Nicosia,33.3638568,35.1748976
420,Ираклион,Heraklion,25.1343475,35.3400127
600,Ренд,Rand,-117.6925619,35.4219055
458,Коспикуа,Cospicua,14.522721,35.8825817
512,Мальта Онлайн,Malta,14.4476911,35.8885993
342,Валлетта,Valletta,14.5136759,35.8989818
319,Биркиркара,Birkirkara,14.4649578,35.8994547
383,Гибралтар,Gibraltar,-5.3541295,36.140807
514,Марбелья,Marbella,-4.88562,36.508976
188,Puerto Real,Puerto Real,-6.1902161,36.5286856
427,Кадис,Cadiz,-6.2928976,36.5297438
510,Малага,Malaga,-4.4216366,36.7213028
661,Турецкая Республика Северного Кипра,Mersin,34.6298391,36.7978381
291,Анталия,Antalya,30.6954846,36.9009641
671,фараон,Faro,-7.9351771,37.0162727
373,Газиантеп,Gaziantep,37.3792617,37.0628317
392,Гранада,Granada,-3.5995337,37.1734995
14,Atarfe,Atarfe,-3.6865662,37.2226964
670,Уэльва,Huelva,-6.9484945,37.2575874
624,Севилья,Seville,-5.9953403,37.3886303
204,Sant'Agata li Battiati,Sant'Agata li Battiati,15.080120555889422,37.555549150000004
168,Pamukkale,Pamukkale,29.119010193161458,37.92447225
683,Хаэн,Jaen,-3.492055612037218,37.9557275
277,Zografou,Zografou,23.770726,37.9773935
298,Афины,Athens,23.7283052,37.9839412
529,Мурсия,Murcia,-1.1305431,37.9923795
18,Beja,Beja,-7.8650368,38.0154479
44,Chalandri,Chalandri,23.7984139,38.0215202
223,Sovetsky,Sovetsky,69.5890981,38.0494688
597,Реджио Калабрия,Reggio Calabria,15.6397556,38.1035389
565,Палермо,Palermo,13.3524434,38.1112268
8,Alicante,Alicante,-0.4881708,38.3436365
416,Измир,Izmir,27.1310699,38.4224548
4,Aksaray,Aksaray,33.8976963,38.4326291
211,Setúbal Municipality,Setubal,-8.8932341,38.5241783
72,Evora,Evora,-7.9092808,38.5707742
1,9,Lisbon,-9.1365919,38.7077507
493,Лиссабон,Lisbon,-9.1365919,38.7077507
153,Nevşehir,Nevsehir,34.7194168,38.7235072
9,Almadén,Almaden,-4.832835,38.7742489
49,Ciudad Real,Ciudad Real,-3.8828744402485436,38.959734749999996
5,Albacete,Albacete,-1.8559154,38.9950921
158,Northside,Northside,-84.5398743,39.1634176
181,Portalegre,Portalegre,-7.7214964428011115,39.207609700000006
434,Кальяри,Cagliari,9.1128513,39.2169525
205,Santarém,Santarem,-8.6867081,39.2363637
341,Валенсия,Valencia,-0.3763353,39.4697065
340,Валенсийское Сообщество,Valencia,-0.3763353,39.4697065
69,Eskişehir,Eskisehir,31.0723476,39.6821156
476,Лейрия,Leiria,-8.8071119,39.7437902
178,Pollentia,Pollentia,3.1291571,39.849972
242,Toledo,Toledo,-4.0239568,39.8560679
102,Iğdır,Igdir,43.9427459,39.8945292
289,Анкара,Ankara,32.8540482,39.9207886
263,Vila Real,Vila Real,-0.1004465,39.9372616
438,Кастельон-де-ла-Плана,Castellón de la Plana,-0.0377354,39.9860347
59,Cuenca,Cuenca,-2.1348241,40.0681156
127,Lecce,Lecce,18.2260628338229,40.152217300000004
408,Ереван,Yerevan,44.5126174,40.1776245
58,Covilha,Covilha,-7.5043211,40.2805658
84,Getafe,Getafe,-3.7302679,40.3081807
359,Вильявисиоса де Одон,Villaviciosa de Odon,-3.9002334,40.3573787
509,Мадрид,Madrid,-3.7035825,40.4167047
634,Сообщество Мадрида,Madrid,-3.7035825,40.4167047
422,Испания онлайн,Madrid,-3.7035825,40.4167047
136,Madrid,Madrid,-3.7035825,40.4167047
266,Villanueva de la Cañada,Villanueva de la canada,-4.002795,40.4472106
285,Алькала де Энарес,Alcalá de Henares,-3.3644973,40.4818396
125,Las Rozas de Madrid,Las Rozas de Madrid,-3.8758396,40.4933095
52,Community of Madrid,Community of Madrid,-3.771562775451811,40.5248319
6,Alcobendas,Alcobendas,-3.6358494,40.5400082
282,Алкобендас,Alcobendas,-3.6358494,40.5400082
612,Салоники,Thessaloniki,22.9352716,40.6403167
51,Collado Villalba,Collado Villalba,-3.9930128,40.6431496
363,Висеу,Viseu,-7.9138664,40.6574713
541,Нью-Йорк,New York,-74.0060152,40.7127281
76,Fisciano,Fisciano,14.799443,40.772812
490,Линкольн,Lincoln,-96.7077751,40.8088861
533,Неаполь,Naples,14.2487679,40.8358846
50,Clifton,Clifton,-74.1637553,40.8584328
611,Саламанка,Salamanca,-5.6640182,40.9651572
638,Стамбул,Istanbul,28.9662187,41.0091982
561,Охрид,Ohrid,20.8017387,41.1170203
236,Tarragona,Tarragona,1.2546057,41.1172364
586,Порту,Porto,-8.6107884,41.1494512
601,Реус,Reus,1.1076133,41.1555564
644,Струга,Struga,20.6790586,41.1770278
210,Senhora da Hora,Senhora da Hora (?),-8.6513544,41.1853221
43,Caserta,Caserta,14.117057688141852,41.20348345
21,Benevento,Benevento,14.705941329939769,41.2476884
654,Тирана,Tirana,19.8184435,41.3281482
224,Spain Online,Barcelona,2.1774322,41.3828939
309,Барселона,Barcelona,2.1774322,41.3828939
16,Barcelona,Barcelona,2.1774322,41.3828939
238,Terrassa,Barcelona,2.1774322,41.3828939
20,Bellaterra,Bellaterra,2.0800563,41.5025932
262,Vila Frescainha,Vila Frescainha,-8.645383869347837,41.5290662
196,Sabadell,Sabadell,2.1138977,41.5421013
480,Лерида,Lleida,0.6267842,41.6147605
348,Вассал,Vassal,-7.344058525587666,41.61693175
343,Вальядолид,Valladolid,-4.728562,41.6521328
620,Сарагоса,Zaragoza,-0.8809428,41.6521342
147,Municipality of Manresa,Manresa,1.8286765,41.7288939
29,Bragança,Braganza,-6.7589839,41.8071182
604,Рим,Rome,12.4829321,41.8933203
86,Girona,Girona,2.8199439,41.9793006
632,Скопье,Skopje,21.4316495,41.9960924
38,Burgas,Burgas,-3.681247658403683,42.34484975
433,Кальве,Calve,-8.0864708,42.3764082
227,Stara Zagora,Stara Zagora,25.6257479,42.4248111
494,Логроньо,Logroño,-2.4396676,42.4661196
122,La Massana,La Massana,1.5163754,42.5442014
582,Понферрада,Ponferrada,-6.5938719,42.5454124
431,Как,Ås,25.4856617,42.6073975
13,Ås Municipality,Ås,25.4856617,42.6073975
573,Перник,Pernik,22.882311866811484,42.628442
479,Леон,Leon,-5.971415104539984,42.63414505
404,Дубровник,Dubrovnik,18.0924947,42.6502473
566,Памплона,Pamplona,-1.6442556,42.8184538
326,Браттлеборо,Brattleboro,-72.5572913,42.8507588
619,Сантьяго де Компостела,Santiago de Compostela,-8.5458608,42.8804219
80,Gabrovo,Gabrovo,25.211953846464205,42.9638895
366,Владикавказ,Vladikavkaz,44.68211,43.024593
163,Oñati,Onati,-2.4137149,43.0328523
134,Lugo,Lugo,-7.4739921,43.0462247
12,Arrasate,Mondragón,-2.4900779,43.0656783
575,Перуджа,Perugia,12.402996209906487,43.1070321
660,Тулон,Toulon,5.9304919,43.1257311
40,Camerino,Camerino,13.0683092,43.1357641
608,Рочестер,Rochester,-77.615214,43.157285
216,Siena,Siena,11.467181161339118,43.1672254
346,Варна,Varna,27.9166653,43.2073873
259,Veliko Tarnovo,Veliko Tarnovo,25.611409300395785,43.2164885
318,Бильбао,Bilbao,-2.9350039,43.2630018
100,Hernani,Hernani,-1.9747419,43.2661107
170,Pau,Pau,-0.3685668,43.2957547
517,Марсель,Marseille,5.3699525,43.2961743
397,Грозный,Grozny,45.6934308,43.3197031
615,Сан-Себастьян,San Sebastian,-1.9838889,43.3224219
131,Leioa,Leioa,-2.9846079,43.3271048
544,Овьедо,Oviedo,-5.8450534,43.3604218
457,Корунья,Coruna,-8.3959425,43.3709703
290,Анкона,Ancona,13.218790609151764,43.480120400000004
11,Anglet,Anglet,-1.5149935,43.4813927
673,Феррол,Ferrol,-8.233162,43.4846862
302,Байон,Bayonne,-1.475099,43.4933379
703,Экс-ан-Прованс,Aix-en-Provence,5.4474738,43.5298424
41,Cannes,Cannes,7.0134418,43.5515198
244,Toulouse,Toulouse,1.4442469,43.6044622
526,Монпелье,Montpellier,3.8767337,43.6112422
219,Sophia Antipolis,Sophia Antipolis,7.0518158,43.6195225
590,Приятно,Nice,7.2683912,43.7009358
674,Флоренция,Florence,11.2555757,43.7698712
621,Сараево,Sarajevo,18.3866868,43.8519774
284,Альби,Albi,2.147899,43.9277552
605,Римини,Rimini,12.630768610516004,43.9470982
119,Kragujevac,Kragujevac,20.91925,44.0130251
274,Zadar,Zadar,15.2353257,44.1168594
690,Чезена,Cesena,12.2422442,44.136352
55,Constanţa,Constanta,28.6507598,44.1767161
677,Форли,Forli,12.041273,44.2227278
594,равенна,Ravenna,12.059009490863945,44.364060699999996
379,Генуя,Genoa,8.9338624,44.40726
35,Bucharest,Bucharest,26.1027202,44.4361414
338,Бухарест,Bucharest,26.1027202,44.4361414
209,Sector 2,Bucharest ,26.1027202,44.4361414
322,Болонья,Bologna,11.3426327,44.4938203
140,Maranello,Maranello,10.8663607,44.5255217
687,Херес,Sherry,-89.915647,44.5835319
428,Каен,Mr Kaen,-84.73819,44.661473
75,Ferrara,Ferrara,11.827938995640167,44.766764249999994
306,Баня Лука,Banja Luka,17.1917651,44.7720845
569,Парма,Parma,10.3280833,44.8013678
173,Pessac,Pessac,-0.6308396,44.805615
312,Белград,Belgrade,20.4568974,44.8178131
324,Бордо,Bordeaux,-0.5800364,44.841225
593,Пьяченца,Piacenza,9.666531257696896,44.8476352
176,Piteşti,Pitesti,24.8719422,44.8572343
637,Ставрополь,Stavropol,43.4406913,44.8632577
562,Павия,Pavia,9.137825082826026,45.036854649999995
662,Турин,Turin,7.6824892,45.0677551
45,Chavannes-près-Renens,Chavannes,4.92539,45.1045
200,Saint-Martin-d'Hères,saint martin d'heres,5.75448,45.1836683
395,Гренобль,Grenoble,5.7357819,45.1875602
225,Sremska Kamenica,Sremska Kamenica,19.8419217,45.2223202
303,Байот,Bayot,0.7705537,45.2395844
538,Нови Сад,Novi Sad,19.8451756,45.2551338
250,Tula,Tula,1.7706797,45.2678347
603,Риека,Rijeka,14.4412309,45.3271752
564,Падуя,Padua,11.8734455,45.4077172
374,Галац,Galati,28.0549395,45.4338215
354,Венеция,Venice,12.3345898,45.4371908
260,Verona,Verona,10.9924122,45.4384958
199,Saint-Étienne,saint etienne,4.3873058,45.4401467
521,Милан,Milan,9.1896346,45.4641943
584,Портленд,Portland,-122.6741949,45.5202471
555,Осиек,Osijek,18.6953685,45.5548793
693,Шамбери,Chambéry,5.9203636,45.5662672
193,Roncade,Roncade,12.3747797,45.6279075
261,Vicenza,Vicenza,11.40635425660249,45.63485905
656,Триест,Trieste,13.7772781,45.6496485
327,Брашов,Brasov,25.6102746,45.6523093
653,Тимишоара,Timisoara,21.2257474,45.7538355
492,Лион,Lyon,4.8320114,45.7578137
451,Клермон-Ферран,Clermont-Ferrand,3.0819427,45.7774551
31,Brescia,Brescia,10.4258729694612,45.77958045
48,City of Zagreb,City of Zagreb,15.971448808267374,45.791544200000004
246,Treviso,Treviso,12.206315763116372,45.806691349999994
412,Загреб,Zagreb,15.9771774,45.8131847
488,Лимож,Limoges,1.2644847,45.8354243
345,Варезе,Varese,8.754157594917665,45.83971285
212,Sfântu Gheorghe,Sfantu Gheorghe,25.7865367,45.8659935
142,Mendrisio,Mendrisio,8.9875293,45.8709661
643,Стреза,Stresa,8.5390268,45.8837277
194,Rovereto,Rovereto,11.0452369,45.886548
478,Лекко,Lecco,9.41202482143963,45.9005485
53,Como,Como,9.149410145408947,45.939475900000005
220,Sorengo,Sorengo,8.9351621,46.0005701
498,Лугано,Lugano,8.9520281,46.0050102
371,Гаага,Hague,-99.9982432,46.0281748
504,Любляна,Ljubljana,14.5069289,46.0500268
665,Удине,Udine,13.2358377,46.0634632
577,Печ,Pecs,18.2280397,46.0765883
245,Trento,Trento,11.129840331695068,46.1030443
695,Швейцария онлайн,Geneva,6.1466014,46.2017559
411,Женева,Geneva,6.1466014,46.2017559
625,Сегед,Szeged,20.1486016,46.2546312
330,Бриг,Brig,8.02942282014046,46.2845584
462,Кран-Монтана,Crans-Montana,7.526435803722132,46.3304899
477,Лейсин,Leysin,7.0148403,46.3438701
583,Порт-Вале,Port Valais,6.862287669574162,46.3720663
146,Montreux,Montreux,6.9129921,46.4310831
123,La Tour-de-Peilz,La Tour-de-Peilz,6.8569063,46.4537524
495,Лозанна,Lausanne,6.6327025,46.5218269
516,Марибор,Maribor,15.6455854,46.5576439
592,Пуатье,Poitiers,0.340196,46.5802596
265,Villach,Villach,13.8500268,46.6167284
450,Клагенфурт,Klagenfurt,14.3079604,46.6228162
2,20,Vaud,6.5320717,46.6356963
545,одеколон,Сologne,2.7060454,46.6467925
25,Bolzano,Bolzano,11.229637264169462,46.65594215
37,Bună Ziua,Cluj-Napoca,23.5899542,46.769379
467,Кур,Chur,9.5264904,46.854747
316,Берн,Berne,7.4514512,46.9482713
534,Невер,Nevers,3.1577203,46.9876601
535,Невшатель,Neuchatel,6.9292641,46.9895828
448,Кишинев,Kishinev,28.8322923,47.0245117
506,люцерна,Lucerne,8.3054682,47.0505452
164,Oradea,Oradea,21.9285231,47.0549163
394,Грац,Graz,15.4382786,47.0708678
278,Zug,Zug,8.5539378,47.1486137
712,Яссы,Iasi,27.5836142,47.1615341
234,Taganrog,Taganrog,38.9285216,47.2153657
531,Нант,Nantes,-1.5541362,47.2186371
268,Wädenswil,Wadenswil,8.6701365,47.2278988
310,Безансон,Besançon,6.0243622,47.2380222
606,Ростов-на-Дону,Rostov-on-Don,39.72490856518773,47.2610441
201,Saint-Nazaire,Saint Nazaire,-2.2138905,47.2733517
62,Dijon,Dijon,5.0414701,47.3215806
279,Zürich,Zurich,8.5410422,47.3744489
705,Экскурсии,Tours,0.6889268,47.3900474
617,Санкт-Галлен,St. Gallen,9.3765878,47.4250593
198,Saint-Barthélemy-d'Anjou,saint barthelemy d anjou,-0.4932941,47.4683081
288,Анжер,Angers,-0.5515588,47.4739884
596,Район В.,Budapest,19.0403594,47.4979937
335,Будапешт,Budapest,19.0403594,47.4979937
36,Budapest,Budapest,19.0403594,47.4979937
271,Winterthur,Winterthur,8.7291498,47.4991723
239,Therwil,Therwil,7.5574673,47.4992969
149,Muttenz,Muttenz,7.6477401,47.525113
398,Дебрецен,Debrecen,21.6259782,47.531399
301,Базель,Basel,7.5878261,47.5581077
468,Куфштайн,Kufstein,12.1692134,47.582996
88,Gödöllő,Godollo,19.3476981,47.601529
79,Friedrichshafen,Friedrichshafen,9.4800858,47.6500279
454,Констанц,Konstanz,9.1750718,47.659216
696,Шопрон,Sopron,16.5983457,47.6803063
207,Schaffhausen,Schaffhouse,8.634513,47.6960491
413,Зальцбург,Salzburg,13.0464806,47.7981346
360,Винер Нойштадт,Wiener Neustadt,16.23325959462936,47.80708635
166,Orléans,Orleans,1.9086066,47.9027336
78,Freiburg,Freiburg,7.8494005,47.9960901
228,Steyr,Steyr,14.4191276,48.0390046
126,Laval,Laval,-0.7734022,48.0706687
24,Biberach,Biberach,9.7931144,48.101927
524,Мишкольц,Miskolc,20.7900429,48.1030643
191,Rennes,Rennes,-1.6800198,48.1113387
631,Сесон-Севинье,Cesson-Sévigné,-1.6038829,48.1197799
530,Мюнхен,Munich,11.5753822,48.1371079
192,Riedlingen,Riedlingen,9.4748796,48.1534412
659,Труа,Troyes,4.0746257,48.2971626
491,Линц,Linz,14.286198,48.3059078
297,Аугсбург,Augsburg,10.8986971,48.3668041
248,Trnava,Trnava,17.5858175,48.3767652
329,Брест,Brest,-4.4860088,48.3905283
676,Фонтенбло,Fontainebleau,2.7015872,48.4049375
463,Кремс-на-Дунае,Krems an der Donau,15.60631866409324,48.409809300000006
174,Pfarrkirchen,Pfarrkirchen,12.9386266,48.4320329
560,Оффенбург,Offenburg,7.944378,48.4716556
107,Kamianske,Kamianske,34.6068797,48.5167748
664,Тюбинген,Tubingen,9.0535531,48.5236164
570,Пассау,Passau,13.4609744,48.5748229
642,Страсбург,Strasbourg,7.7507127,48.584614
254,Uzhhorod,Uzhhorod,22.3022569,48.6223732
56,Courcouronnes,Courcouronnes,2.411893948759139,48.622557
73,Évry-Courcouronnes,Evry-Courcouronnes,2.4345980281360133,48.6284131
417,Иль-де-Франс,Ile-de-France,2.7537863,48.6443057
543,Нэнси,Nancy,6.1834097,48.6937223
85,Gif-sur-Yvette,Gif-sur-Yvette,2.134529,48.7018823
367,Волгоград,Volgograd,44.5153353,48.7081906
167,Palaiseau,Palaiseau,2.2453842,48.7144587
460,Кошице,Kosice,21.2496774,48.7172272
305,Банска Быстрица,Banská Bystrica,19.1573494,48.7384028
300,Баден-Баден,Baden-Baden,8.2415239,48.7580777
418,Ингольштадт,Ingolstadt,11.4250395,48.7630165
698,Штутгарт,Stuttgart,9.1800132,48.7784485
353,Вена,Vein,-87.56915054232508,48.79100325
399,Деггендорфа,Deggendorf,12.96205,48.8333535
337,Булонь-Бийанкур,Boulogne-Billancourt,2.240206,48.8356649
280,Аалена,Aalen,10.0931765,48.8362705
680,Франция онлайн,Paris,2.3200410217200766,48.8588897
568,Париж,Paris,2.3200410217200766,48.8588897
230,Straubing,Straubing,12.569716,48.8819801
65,Dubnica nad Váhom,Dubnica nad Váhom,18.1662967,48.9574049
267,Villetaneuse,Villetaneuse,2.3439698,48.9611722
109,Karlsruhe,Karlsruhe,8.4034195,49.0068705
410,железа,Gland,3.4630556,49.0488889
232,Switzerland Online,Gland,3.4630556,49.0488889
98,Heilbronn,Heilbronn,9.218655,49.142291
684,Хейльбронна,Heilbronn,9.218655,49.142291
630,Сержи,Sergy,3.5710256,49.1828833
332,Брно,Brno,16.6113382,49.1922443
469,Ландо,Landau,8.1123441,49.1982825
276,Žilina,Zilina,18.7393139,49.2234674
333,Брно-Север,Brno-Sever,16.64661005429616,49.22442715
599,Реймс,Reims,4.031926,49.2577886
91,Hagenberg,Hagenberg,12.7138315,49.3039689
610,Саар,Saarland,6.9537369,49.3841872
97,Heidelberg,Heidelberg,8.694724,49.4093582
54,Compiègne,Compiegne,2.8263171,49.4179497
321,Бове,Beauvais,2.0823355,49.4300997
609,Руанский,Rouen,1.0939658,49.4404591
430,Кайзерслаутерн,Kaiserslautern,7.7689951,49.4432174
10,Amberg,Amberg,11.858728,49.4454211
525,Мон-Сен-Эньян,Mont-Saint-Aignan,1.0813,49.4679
372,Гавр,Le Havre,0.1079732,49.4938975
710,Эш-сюр-Alzette,Esch-sur-Alzette,5.9850306,49.4959628
550,Оломоуц,Olomouc,17.251143,49.5940567
540,Новы Сонч,Nowy Sącz,20.714936589668028,49.61030395
177,Podkarpacka,Podkarpacka,21.7627856,49.6840799
423,испытательный прибор,Trier,6.6441878,49.7596208
370,Вюрцбург,Wurzburg,9.932966,49.79245
390,Город Люксембург,Luxembourg,6.1296751,49.8158683
558,Острава,Ostrava,18.2820084,49.8349139
501,Львов,Lviv,24.0315921,49.841952
110,Karvina,Karvina,18.5416556,49.8542719
581,Полтава,Poltava,33.7498787,49.8607809
287,Амьен,Amiens,2.2956951,49.8941708
304,Байройт,Bayreuth,11.5763079,49.9427202
137,Mainz,Mainz,8.2762513,50.0012314
161,Oestrich-Винкель,Oestrich-Winkel,8.0167585,50.0071863
567,Пардубице,Pardubice,15.7791356,50.0385812
461,Краков,Krakow,19.997153435836697,50.0469432
588,Прага,Prague,14.446459273258009,50.0596288
183,Prague 1,Prague,14.446459273258009,50.0596288
184,Prague 6,Prague,14.446459273258009,50.0596288
589,Прага 6,Prague,14.446459273258009,50.0596288
362,Висбаден,Wiesbaden,8.2416556,50.0820384
679,Франкфурт,Frankfurt,8.6820917,50.1106444
185,Praha-Suchdol,Praha-Suchdol,14.3804611,50.135806
675,Фолмаут,Falmouth,-5.0688262,50.1552197
74,Falmouth,Falmouth,-5.0688262,50.1552197
171,Penryn,Penryn,-5.105696473216783,50.170186
391,Градец Кралове,Hradec Králové,15.8327512,50.2092113
439,Катовице,Katowice,19.00588775660632,50.2137321
388,гобелен,Arras,2.7772211,50.291048
179,Pomorska,Pomorska,19.5536115,50.2924091
387,Гливице,Gliwice,18.662347227971978,50.30113145
60,Dabrowa Gornicza,Dabrowa Gornicza,19.2078918,50.3308692
579,Плимут,Plymouth,-4.1425658,50.3712659
63,Douai,Douai,3.078171805106893,50.3799863
256,Vallendar,Vallendar,7.6142479,50.4001381
143,Mlada Boleslav,Mlada Boleslav,14.9031301,50.4116187
243,Totnes,Totnes,-3.6871525,50.4322816
145,Montabaur,Montabaur,7.8302494,50.4362219
444,Киев,Kiev,30.5241361,50.4500336
527,Монс,Mons,3.951958,50.4549568
101,Huy,Huy,5.2408138,50.5180856
217,Śląska,Silesia,19.2343995,50.5687422
19,Belgorod,Belgorod,36.5873394,50.5955595
595,Райнбах,Rheinbach,6.9491436,50.6256808
485,Лилль,Lille,3.0635282,50.6365654
15,Bad Honnef,Bad Honnef,7.2272534,50.6448582
299,Бад Хоннеф,Bad Honnef,7.2272534,50.6448582
553,Ополе,Opole,17.929884436033525,50.678792900000005
208,Schmalkalden,Schmalkalden,10.4510467,50.7213643
704,Эксетер,Exeter,-3.5269497,50.7255794
323,Бонн,Bonn,7.10066,50.735851
180,Poole,Poole,-1.9537512539581008,50.74020055
481,Либерец,Liberec,15.0583947,50.7702648
222,Southsea,Southsea,-1.0886623,50.7888796
585,Портсмут,Portsmouth,-1.075614,50.8036831
182,Portsmouth,Portsmouth,-1.075614,50.8036831
691,Ченстохова,Czestochowa,19.1244089281233,50.8089997
515,Марбург,Marburg,8.7757742,50.8117327
33,Brühl,Bruhl,6.9037057,50.8291313
32,Brighton,Brighton,-0.12693017575934035,50.8389149
334,Брюссель,Brussels,4.351697,50.8465573
407,Еленя Гура,Jelenia Góra,15.653749235408073,50.8501049
507,Маастрихт,Maastricht,5.6909768,50.8512438
114,Kielce,Kielce,20.609914352101452,50.85403585
415,Зиген,Siegen,8.0227233,50.8749804
475,Левен,Leuven,4.7011675,50.879202
623,Саутгемптон,Southampton,-1.404189,50.9025349
61,Diepenbeek,Diepenbeek,5.4200307,50.9078485
678,Фрайберг,Freiberg,13.3428889,50.9169415
106,Jena,Jena,11.5879359,50.9281717
94,Hasselt,Hasselt,5.3378043,50.9303735
68,Erfurt,Erfurt,11.0287364,50.9777974
349,Веймар,Weimar,11.3296637,50.9810486
402,Дрезден,Dresden,13.7381437,51.0493286
378,Гент,Ghent,3.7250121,51.0538286
17,Beerzel,Beerzel,4.6698925,51.0586177
361,Винчестер,Winchester,-1.3131692,51.0612766
203,Salisbury,Salisbury,-1.7954134,51.0690613
369,Вроцлаве,Wroclaw,16.97819633051261,51.1263106
128,Legnica,Legnica,16.174675034638256,51.204768900000005
672,Фарнхем,Farnham,-0.7984854,51.2151749
503,Люблин,Lublin,22.554677562145155,51.218194499999996
292,Антверпен,Antwerp,4.3997081,51.2211097
385,Гилфорд,Guildford,-0.5732063,51.2356068
443,Кентербери,Canterbury,1.0802533,51.2800275
449,Клавертон Даун,Claverton Down,-2.3276287,51.3686485
344,ванна,Bath,-2.3596963,51.3813864
384,Гиллингхэм,Gillingham,0.5457712,51.3876562
355,Венло,Venlo,6.1511724144122955,51.39244885
121,L&#39;Aquila,L&#39;Aquila,5.3922305,51.4086153
189,Radom,Radom,21.160944780832743,51.41716055
214,Sidcup,Sidcup,0.101044,51.4264002
67,Egham,Egham,-0.5473085,51.4312585
365,Виттен,Witten,7.335124,51.4370171
702,Эйндховен,Eindhoven,5.478633,51.4392648
650,Твикенхем,Twickenham,-0.3281887,51.4467444
71,Essen,Essen,7.0158171,51.4582235
331,Бристоль,Bristol,-2.5790334025708415,51.47091115
436,Кардифф,Cardiff,-3.1791934,51.4816546
325,Бохум,Bochum,7.2196635,51.4818111
221,South Kensington,South Kensington,-0.1730439,51.4940494
112,Kensington,Kensington,-0.1991229,51.4989948
350,Великобритания онлайн,London,-0.1276474,51.5073219
496,Лондон,London,-0.1276474,51.5073219
639,Сток Гиффорд,Stoke Gifford,-2.5437405,51.5182774
270,Whitechapel,Whitechapel,-0.0620807,51.5186227
697,Шордич,Shoreditch,-0.0798926,51.5266694
382,Гёттинген,Göttingen,9.9351811,51.5328328
645,Суиндон,Swindon,-1.7856853,51.5613683
652,Тилбург,Tilburg,5.066061908648313,51.585618749999995
99,Hendon,Hendon,-0.22162,51.5897442
317,Биконсфильд,Beaconsfield,-0.6571233,51.6082881
647,Суонси,Swansea,-3.9459248,51.6195955
681,Хай Уиком,High Wycombe,-0.7484153,51.627422
368,Воронеж,Voronezh,39.2005858,51.6605982
688,Хертогенбос,'s-Hertogenbosch,5.303116,51.6889387
629,Серенстер,Cirencester,-1.998401828395604,51.71671015
563,Падерборн,Paderborn,8.764869778177559,51.71895955
120,Kursk,Kursk,36.179604,51.739433
269,Wheatley,Wheatley,-1.134428637684729,51.7420975
548,Оксфорд,Oxford,-1.2578499,51.7520131
95,Headington,Headington,-1.2109831,51.760214
689,Хэтфилд,Hatfield,-0.2250938620703163,51.7653576
165,Orenburg,Orenburg,55.097118,51.767452
252,Ulan-Ude,Ulan-Ude,107.5839105,51.8357841
536,Неймеген,Nijmegen,5.838960628748229,51.842574850000005
591,пробковый,Cork,-8.4654674,51.897077
607,Роттердам,Rotterdam,4.47775,51.9244424
148,Münster,Minster,7.6251879,51.9625101
294,Арнем,Arnhem,5.9108573,51.984257
351,Велп,Velp,5.9751252,51.9958671
47,Chita,Chita,113.500893,52.033409
522,Милтон Кейнс,Milton Keynes,-0.7589607,52.0429797
419,Ипсвич,Ipswich,1.1526345,52.0579495
465,Крэнфилдский,Cranfield,-0.6079317,52.0690205
668,Утрехт,Utrecht,5.12768396945229,52.080985600000005
508,Магдебург,Magdeburg,11.6399609,52.1315889
519,Мёккерн,Möckern,11.9532769,52.1405163
130,Leiden,Leiden,4.4811088666204295,52.1518157
215,Siedlce,Siedlce,22.281253302988254,52.161593800000006
293,Апельдорн,Apeldoorn,5.930077460807249,52.17957375
442,Кембридж,Cambridge,0.1186637,52.2055314
706,Энсхеде,Enschede,6.8940537,52.2209855
347,Варшава,Warsaw,21.0067249,52.2319581
352,Вельс,Wels,-3.73893,52.2928116
0,1,Wildau,13.6338248,52.3194124
286,Амстердам,Amsterdam,4.8936041,52.3727598
376,Ганновер,Hanover,9.7385532,52.3744779
580,Познань,Poznan,16.91973259178088,52.4006632
587,Потсдам,Potsdam,13.0591397,52.4009309
57,Coventry,Coventry,-1.510477,52.4081812
452,Ковентри,Coventry,-1.510477,52.4081812
281,Абериствит,Aberystwyth,-4.0816846,52.4143113
320,Бирмингем,Birmingham,-1.9026911,52.4796992
571,Пафос,Pathos,13.6017837,52.4824772
414,Зволле,Zwolle,6.0943765,52.5089759
315,Берлин,Berlin,13.3888599,52.5170365
23,Berlin,Berlin,13.3888599,52.5170365
380,Германия онлайн,Berlin,13.3888599,52.5170365
108,Kampen,Kampen,5.9033303,52.5559484
83,Germany Online,Germany Online,13.0512418,52.5690022
135,Machynlleth,Machynlleth,-3.8548131,52.5951801
272,Yelets,Yelets,38.529041768138626,52.6150528
159,Norwich,Norwich,1.2923049,52.6285694
129,Leicester,Leicester,-1.1330789,52.6361398
487,Лимерик,Limerick,-8.6301239,52.661252
651,Телфорд,Telford,-2.4514273,52.6780419
141,Markfield,Markfield,-1.285817146518564,52.690635349999994
235,Tambov,Tambov,41.45536,52.72879
474,Лафборо,Loughborough,-1.2077985,52.7723859
96,Heide,Heide,9.6601426,52.8217435
622,Саттон Бонингтон,Sutton Bonington,-1.2505311,52.8220878
152,Neuruppin,Neuruppin,12.8092919,52.9243859
160,Nottingham,Nottingham,-1.1496461,52.9534193
640,Сток-он-Трент,Stoke-on-Trent,-2.1812607,53.0162014
328,бремен,Bremen,8.8071646,53.0758196
30,Bremen,Bremen,8.8071646,53.0758196
39,Bydgoszcz,Bydgoszcz,18.029369658534854,53.12974625
313,Белосток,Bialystok,23.1591679,53.132398
551,Ольденбург,Oldenburg,8.2146017,53.1389753
175,Pila,Pila,16.7380343,53.1511324
133,Lomza,Lomza,22.052183817808846,53.18243065
613,Самара,Samara,50.113987,53.198627
172,Penza,Penza,45.0,53.200001
89,Groningen,Groningen,6.5680077,53.2190652
34,Bryansk,Bryansk,34.3668288,53.2423778
505,Люнебург,Lüneburg,10.407855,53.248706
81,Galway,Galway,-9.0490601,53.2744122
241,Tipperstown,Tipperstown,-6.1998542344059455,53.274991850000006
523,Митрополит Виррал,Wirral,-3.0500916,53.3409714
64,Dublin Docklands,Dublin Docklands,-6.235744507734944,53.34395565
308,Барнаул,Barnaul,83.7784496,53.347402
403,Дублин,Dublin,-6.2602732,53.3497645
393,Графство Дублин,Dublin,-6.2602732,53.3497645
213,Sheffield,Sheffield,-1.4702278,53.3806626
482,Ливерпуль,Liverpool,-2.99168,53.4071991
296,Атлон,Athlone,-7.9425897,53.4228434
202,Salford,Salford,-2.3856990150907764,53.47903635
513,Манчестер,Manchester,-2.2451148,53.4794892
375,Гамбург,Hamburg,10.000654,53.550341
93,Hamburg,Hamburg,10.000654,53.550341
396,Гримсби,Grimsby,-0.0788045,53.5671407
144,Molodezhnyy,Molodezhnyy,39.495279,53.6582721
456,корпус,Hull,-0.3394758,53.7435722
186,Preston,Preston,-2.6992717,53.7593363
552,Ольштын,Olsztyn,20.477780523409734,53.7767239
28,Bradford,Bradford,-1.7519186,53.7944229
483,Лидс,Leeds,-1.5437941,53.7974185
470,Ланкашир,Lancashire,-2.5650887919475496,53.8611703
502,Любек,Lubeck,10.684738,53.866444
364,Висмар,Wismar,11.4647932,53.8909832
425,Йорк,York,-1.0815361,53.9590555
633,Слайго,Sligo,-8.4751357,54.2720696
253,Ulyanovsk,Ulyanovsk,48.3642771,54.3107593
445,Кил,Kiel,10.135555,54.3227085
377,Гданьский,Gdańsk,18.62860883362069,54.36119285
635,Сопот,Sopot,18.54309444570447,54.44190905
520,Мидлсбро,Middlesbrough,-1.2344047,54.5760419
314,Белфаст,Belfast,-5.9301829,54.596391
195,Ryazan,Ryazan,39.68844236231995,54.6702523
357,Вильнюс,Vilnius,25.2829111,54.6870458
358,Вильнюсский уезд,Vilnius,25.2829111,54.6870458
432,Калининград,Kaliningrad,20.5105838,54.710128
669,Уфа,Ufa,55.947499,54.7261409
42,Carlisle,Carlisle,-2.9362311,54.8948478
389,Город Карлайл,Carlisle,-2.9362311,54.8948478
440,Каунас,Kaunas,23.9044817,54.8982139
627,Сённерборга,Sønderborg,9.7897999,54.9089186
400,ДОНЕГОЛ,Donegal,-7.952385214651309,54.92075415
542,Ньюкасл-апон-Тайн,Newcastle upon Tyne,-1.6131572,54.9738474
162,Omsk,Omsk,73.371529,54.991375
539,Новосибирск,Novosibirsk,82.9234509,55.0282171
546,Оденсе,Odense,10.3852104,55.3997225
111,Kemerovo,Kemerovo,86.06040533437402,55.4007394
709,Эсбьерг,Esbjerg,8.4520751,55.4664892
453,Кольдинг,Kolding,9.47905,55.4894999
511,Мальмё,Malmo,13.0001566,55.6052931
547,Одинцово,Odintsovo,37.2727963,55.6711507
455,Копенгаген,Copenhagen,12.5700724,55.6867243
500,Лунд,Lund,13.1929449,55.7029296
528,Москва,Moscow,37.6174943,55.7504461
489,Лингби,Lyngby ,12.5051413,55.7718649
429,Казань,Kazan,49.1242266,55.7823547
386,Глазго,Glasgow,-4.2488787,55.8609825
150,Mytishchi,Mytishchi,37.7339358,55.9094928
117,Korolyov,Korolyov,37.8326289,55.9204898
700,Шяуляй,Siauliai,23.3157775,55.9340823
701,Эдинбург,Edinburgh,-3.1883749,55.9533456
46,Cherkizovo,Cherkizovo,37.7804331,55.9693329
275,Zelenograd,Zelenograd,37.198534,55.9964233
685,Хельсингборг,Helsingborg,12.7040684,56.0441984
229,Stirling,Stirling,-3.9360012,56.1181242
554,Орхусская,Aarhus,10.2134046,56.1496278
537,Нижний Новгород,Nizhny Novgorod,44.0051395,56.3264816
628,Сент-Эндрюс,St Andrews,-2.7955844,56.3403902
66,Dundee,Dundee,-2.97019,56.4605938
484,Лиепайский,Liepaja,21.0070903,56.5048435
598,Резекненский,Rēzekne,27.3306623,56.506281
273,Yoshkar-Ola,Yoshkar-Ola,47.8972462,56.6328248
421,Иркутск,Irkutsk,104.719221,56.6370122
406,Елгава,Jelgava,23.7339143,56.6514394
405,Екатеринбург,Ekaterinburg,60.66895779116639,56.7881462
105,Izhevsk,Izhevsk,53.197730742455306,56.86051745
258,Växjö,Vaxjo,14.8094385,56.8787183
602,Рига,Riga,24.1051846,56.9493977
104,Ivanovo,Ivanovo,40.96306331898382,57.0088004
356,Вентспилс,Ventspils,21.5635991,57.3903918
381,Гетеборг,Gothenburg,11.9670171,57.7072326
26,Borås,Boras,12.9407407,57.7210839
118,Kostroma,Kostroma,40.9269141,57.7679158
424,Йончёпинг,Jönköping,14.165719,57.7825634
187,Pskov,Pskov,28.3343465,57.8173923
155,Nizhny Tagil,Nizhny Tagil,59.9508466,57.905149
464,Кристиансанд,Kristiansand,7.93185802875815,58.085627599999995
249,Trollhättan,Trollhattan,12.2908612,58.2827931
655,Томск,Tomsk,81.52937237232149,58.324653850000004
264,Viljandi,Viljandi,25.5876563,58.3646073
237,Tartu,Tartu,26.72245,58.3801207
132,Linköping,Linkoping,15.6245252,58.4098135
156,Norrköping,Norrkoping,16.1903511,58.5909124
115,Kirov,Kirov,49.6666241,58.6035661
572,перманент,Perm,56.43899467562514,58.88439115
92,Halden,Halden,11.537191002239753,59.0680555
77,Flemingsberg,Flemingsberg,17.9398948,59.2223899
708,Эребру,Orebro,15.2151181,59.2747287
641,Стокгольм,Stockholm,18.0710935,59.3251172
157,Norrmalm,Norrmalm,18.0629048,59.3340818
409,Ескилстуна,Eskilstuna,16.5051474,59.3717379
151,Narva,Narva,28.1921457,59.3766729
648,Таллин,Tallinn,24.7453688,59.4372155
82,Gatchina,Gatchina,30.1305083,59.5706273
257,Västerås,Vasteras,16.5463679,59.6110992
190,Rauland,Rauland,8.0630086,59.6947381
401,Драммен,Drammen,10.175641950012762,59.6964936
667,Упсала,Uppsala,17.6387436,59.8586126
556,Осло,Oslo,10.7389701,59.9133301
3,75,Oslo,10.7389701,59.9133301
90,Grünerløkka,Oslo,10.7389701,59.9133301
226,St. Hanshaugen,St. Hanshaugen,10.738958251649304,59.9279499
138,Majorstuen,Majorstuen,10.7155691,59.9292711
618,Санкт-Петербург,Saint Petersburg,30.316229,59.938732
686,Хельсинки,Helsinki,24.9427473,60.1674881
70,Espoo,Espoo,24.6568435,60.2047672
22,Bergenhus,Bergenhus,5.29439308725682,60.407048950000004
663,Турку,Turku,22.2670522,60.4517531
27,Borlänge,Borlange,15.4234561,60.4856426
459,Коувола,Kouvola,26.7018042,60.8701996
87,Gjøvik,Gjovik,10.503886379493999,60.87216165
124,Lahti,Lahti,25.6613764,60.9826014
113,Khanty-Mansiysk,Khanty-Mansiysk,69.0190006,61.0034448
471,Лаппеенранта,Lappeenranta,28.1862742,61.0583713
231,Surgut,Surgut,73.3964,61.254032
649,Тампере,Tampere,23.7603118,61.4980214
233,Syktyvkar,Syktyvkar,50.8352024,61.6685237
576,Петрозаводск,Petrozavodsk,34.390007,61.790039
711,Якутск,Yakutsk,129.7319787,62.0274078
646,Сундсваль,Sundsvall,17.3071024,62.3907552
426,Йоэнсуу,Joensuu,29.7584591,62.6006257
549,Олесунн,Ålesund,6.168828066313526,62.76712545
626,Сейняйоки,Seinäjoki,22.8442015,62.7954104
466,Куопио,Kuopio,27.6781839,62.8924601
339,Вааса,Vaasa,21.6159187,63.0957722
557,Остерсунд,Ostersund,14.6357061,63.1793655
658,Трондхейм,Trondheim,10.3951929,63.4305658
251,Ukhta,Ukhta,53.684243,63.5624585
666,Умео,Umeå,20.2630745,63.8256568
441,Каяни,Kajaani,27.7334227,64.2240872
295,Архангельск,Arkhangelsk,40.537121,64.543022
559,Оулу,Oulu,25.4716809,65.0118734
499,Лулео,Lulea,22.1459535,65.5831187
103,Ísafjörður,Isafjordur,-23.1193541,66.0726918
336,Будё,Bodø,14.3817466,67.2844323
447,Кируна,Kiruna,20.2255482,67.8550724
532,Нарвик,Narvik,17.086538711321808,68.28988385
657,Тромсё,Tromso,18.9543434,69.649208
7,Alhaurín el Grande,Alhaurin the Great,-4.68728,36.643
169,Panepistimioupoli Patron,Panepistimioupoli Patron,21.7859318593,38.2843178029
197,Saint Pölten,Saint Pelten,15.63333,48.2
437,Карлскруны,Karlskruni,15.58661,56.16156
